[
    {
        "m\u00e3 sinh vi\u00ean": "001",
        "t\u00ean": "dduy",
        "tu\u1ed5i": "18",
        "\u0111\u1ecba ch\u1ec9": "Long An"
    },
    {
        "m\u00e3 sinh vi\u00ean": "002",
        "t\u00ean": "tran minh duy",
        "tu\u1ed5i": "20",
        "\u0111\u1ecba ch\u1ec9": "TP HCM"
    },
    {
        "m\u00e3 sinh vi\u00ean": "003",
        "t\u00ean": "Tran Minh Danh",
        "tu\u1ed5i": "21",
        "\u0111\u1ecba ch\u1ec9": "Binh Thuan"
    },
    {
        "m\u00e3 sinh vi\u00ean": "004",
        "t\u00ean": "tran thi buoi",
        "tu\u1ed5i": "34",
        "\u0111\u1ecba ch\u1ec9": "Dong Nai"
    }
]